store_id,Full_Name,Full_Address,Customer_Status
1,VERA MCCOY,"1168 Najafabad Parkway, Kabol, Kabul, Afghanistan",Active
1,MARIO CHEATHAM,"1924 Shimonoseki Drive, Batna, Batna, Algeria",Active
2,JUDY GRAY,"1031 Daugavpils Parkway, Bchar, Bchar, Algeria",Active
1,JUNE CARROLL,"757 Rustenburg Avenue, Skikda, Skikda, Algeria",Active
2,ANTHONY SCHWAB,"1892 Nabereznyje Telny Lane, Tutuila, Tafuna, American Samoa",Active
1,CLAUDE HERZOG,"486 Ondo Parkway, Benguela, Benguela, Angola",Active
1,MARTIN BALES,"368 Hunuco Boulevard, Namibe, Namibe, Angola",Active
2,BOBBY BOUDREAU,"1368 Maracabo Boulevard, , South Hill, Anguilla",Active
2,WILLIE MARKHAM,"1623 Kingstown Drive, Buenos Aires, Almirante Brown, Argentina",Active
1,JORDAN ARCHULETA,"1229 Varanasi (Benares) Manor, Buenos Aires, Avellaneda, Argentina",Active
1,JASON MORRISSEY,"1427 A Corua (La Corua) Place, Buenos Aires, Baha Blanca, Argentina",Active
2,KIMBERLY LEE,"96 Tafuna Way, Crdoba, Crdoba, Argentina",Active
1,MICHEAL FORMAN,"203 Tambaram Street, Buenos Aires, Escobar, Argentina",Active
2,DARRYL ASHCRAFT,"166 Jinchang Street, Buenos Aires, Ezeiza, Argentina",Active
1,JULIA FLORES,"1926 El Alto Avenue, Buenos Aires, La Plata, Argentina",Active
1,FLORENCE WOODS,"1532 Dzerzinsk Way, Buenos Aires, Merlo, Argentina",Active
1,PERRY SWAFFORD,"773 Dallas Manor, Buenos Aires, Quilmes, Argentina",Active
1,LYDIA BURKE,"1483 Pathankot Street, Tucumn, San Miguel de Tucumn, Argentina",Active
1,ERIC ROBERT,"430 Kumbakonam Drive, Santa F, Santa F, Argentina",Active
1,LEONARD SCHOFIELD,"88 Nagaon Manor, Buenos Aires, Tandil, Argentina",Active
2,WILLIE HOWELL,"1244 Allappuzha (Alleppey) Place, Buenos Aires, Vicente Lpez, Argentina",Active
1,STEPHANIE MITCHELL,"42 Brindisi Place, Yerevan, Yerevan, Armenia",Active
1,AUDREY RAY,"1010 Klerksdorp Way, Steiermark, Graz, Austria",Active
1,JILL HAWKINS,"1440 Compton Place, North Austria, Linz, Austria",Active
2,NORA HERRERA,"1587 Loja Manor, Salzburg, Salzburg, Austria",Active
2,ANDREW PURDY,"431 Szkesfehrvr Avenue, Baki, Baku, Azerbaijan",Active
2,RAYMOND MCWHORTER,"503 Sogamoso Loop, Sumqayit, Sumqayit, Azerbaijan",Active
2,SETH HANNON,"1759 Niznekamsk Avenue, al-Manama, al-Manama, Bahrain",Active
1,STEPHEN QUALLS,"1838 Tabriz Lane, Dhaka, Dhaka, Bangladesh",Active
2,FRANK WAGGONER,"1816 Bydgoszcz Loop, Dhaka, Jamalpur, Bangladesh",Active
1,MICHELLE CLARK,"262 A Corua (La Corua) Parkway, Dhaka, Tangail, Bangladesh",Active
1,CORY MEEHAN,"556 Asuncin Way, Mogiljov, Mogiljov, Belarus",Active
1,CLARA SHAW,"1027 Songkhla Manor, Minsk, Molodetno, Belarus",Active
2,JON WILES,"659 Gatineau Boulevard, La Paz, El Alto, Bolivia",Active
2,JOEL FRANCISCO,"287 Cuautla Boulevard, Chuquisaca, Sucre, Bolivia",Active
2,CLAYTON BARBEE,"1407 Pachuca de Soto Place, Rio Grande do Sul, Alvorada, Brazil",Active
2,JOSEPH JOY,"1354 Siegen Street, Rio de Janeiro, Angra dos Reis, Brazil",Active
1,TAMARA NGUYEN,"356 Olomouc Manor, Gois, Anpolis, Brazil",Active
1,NATALIE MEYER,"1201 Qomsheh Manor, Gois, Aparecida de Goinia, Brazil",Active
2,JANE BENNETT,"1692 Ede Loop, So Paulo, Araatuba, Brazil",Active
1,ANTONIO MEEK,"1190 0 Place, Rio Grande do Sul, Bag, Brazil",Active
1,NICHOLAS BARFIELD,"1163 London Parkway, Par, Belm, Brazil",Active
1,TERRI VASQUEZ,"1304 s-Hertogenbosch Way, Santa Catarina, Blumenau, Brazil",Active
1,HAROLD MARTINO,"1293 Nam Dinh Way, Roraima, Boa Vista, Brazil",Active
1,TIMOTHY BUNN,"981 Kumbakonam Place, Distrito Federal, Braslia, Brazil",Active
2,TINA SIMMONS,"984 Effon-Alaiye Avenue, Gois, Goinia, Brazil",Active
2,JESUS MCCARTNEY,"259 Ipoh Drive, So Paulo, Guaruj, Brazil",Active
1,CHARLOTTE HUNTER,"758 Junan Lane, Gois, guas Lindas de Gois, Brazil",Active
2,DANIEL CABRAL,"543 Bergamo Avenue, Minas Gerais, Ibirit, Brazil",Active
1,FRANCES PARKER,"686 Garland Manor, Cear, Juazeiro do Norte, Brazil",Active
1,KENT ARSENAULT,"32 Liaocheng Way, Minas Gerais, Juiz de Fora, Brazil",Active
2,IDA ANDREWS,"1839 Szkesfehrvr Parkway, Gois, Luzinia, Brazil",Active
1,MARIAN MENDOZA,"829 Grand Prairie Way, Paran, Maring, Brazil",Active
1,ELLEN SIMPSON,"1666 Qomsheh Drive, So Paulo, Po, Brazil",Active
2,MAXINE SILVA,"1338 Zalantun Lane, Minas Gerais, Poos de Caldas, Brazil",Active
1,DENISE KELLY,"1206 Dos Quebradas Place, So Paulo, Rio Claro, Brazil",Active
2,MARION SNYDER,"1891 Rizhao Boulevard, So Paulo, Santa Brbara dOeste, Brazil",Active
2,JUSTIN NGO,"519 Nyeri Manor, So Paulo, Santo Andr, Brazil",Active
2,CODY NOLEN,"1715 Okayama Street, So Paulo, So Bernardo do Campo, Brazil",Active
2,FRANCISCO SKIDMORE,"614 Denizli Parkway, Rio Grande do Sul, So Leopoldo, Brazil",Active
1,GEORGE LINTON,"1957 Yantai Lane, So Paulo, Sorocaba, Brazil",Active
1,DEBRA NELSON,"306 Antofagasta Place, Esprito Santo, Vila Velha, Brazil",Active
2,JEREMY HURTADO,"1133 Rizhao Avenue, Pernambuco, Vitria de Santo Anto, Brazil",Active
2,LOIS BUTLER,"1370 Le Mans Avenue, Brunei and Muara, Bandar Seri Begawan, Brunei",Active
1,TYRONE ASHER,"191 Jos Azueta Parkway, Ruse, Ruse, Bulgaria",Active
2,JESSIE BANKS,"1229 Valencia Parkway, Haskovo, Stara Zagora, Bulgaria",Active
2,ELMER NOE,"1768 Udine Loop, Battambang, Battambang, Cambodia",Active
2,ALLISON STANLEY,"754 Valencia Place, Phnom Penh, Phnom Penh, Cambodia",Active
1,ALBERT CROUSE,"1641 Changhwa Place, Nord-Ouest, Bamenda, Cameroon",Active
2,LAWRENCE LAWTON,"114 Jalib al-Shuyukh Manor, Centre, Yaound, Cameroon",Active
1,DERRICK BOURQUE,"1153 Allende Way, Qubec, Gatineau, Canada",Active
2,DARRELL POWER,"1844 Usak Avenue, Nova Scotia, Halifax, Canada",Active
1,LORETTA CARPENTER,"891 Novi Sad Manor, Ontario, Oshawa, Canada",Active
2,CURTIS IRBY,"432 Garden Grove Street, Ontario, Richmond Hill, Canada",Active
1,TROY QUIGLEY,"983 Santa F Way, British Colombia, Vancouver, Canada",Active
1,JAVIER ELROD,"195 Ilorin Street, Chari-Baguirmi, NDjamna, Chad",Active
1,JANET PHILLIPS,"1718 Valencia Street, Antofagasta, Antofagasta, Chile",Active
1,ANDRE RAPP,"568 Dhule (Dhulia) Loop, Coquimbo, Coquimbo, Chile",Active
1,JEROME KENYON,"1872 Toulon Loop, OHiggins, Rancagua, Chile",Active
2,TED BREAUX,"183 Haiphong Street, Jilin, Baicheng, China",Active
2,CHARLIE BESS,"362 Rajkot Lane, Gansu, Baiyin, China",Active
1,JESSIE MILAM,"1332 Gaziantep Lane, Shandong, Binzhou, China",Active
2,SUE PETERS,"817 Bradford Loop, Jiangsu, Changzhou, China",Active
1,CHRISTY VARGAS,"1158 Mandi Bahauddin Parkway, Shanxi, Datong, China",Active
2,JUDITH COX,"1966 Amroha Avenue, Sichuan, Daxian, China",InActive
1,LEO EBERT,"1322 Mosul Parkway, Shandong, Dongying, China",Active
1,ALAN KAHN,"753 Ilorin Avenue, Sichuan, Emeishan, China",Active
2,TIFFANY JORDAN,"804 Elista Drive, Hubei, Enshi, China",Active
2,DONALD MAHON,"1774 Yaound Place, Hubei, Ezhou, China",Active
1,STACEY MONTGOMERY,"1333 Haldia Street, Jilin, Fuyu, China",Active
2,LEONA OBRIEN,"1308 Sumy Loop, Fujian, Fuzhou, China",Active
2,HUGH WALDROP,"904 Clarksville Drive, Zhejiang, Haining, China",Active
2,LORRAINE STEPHENS,"154 Tallahassee Loop, Xinxiang, Hami, China",Active
1,HAZEL WARREN,"1587 Sullana Lane, Inner Mongolia, Hohhot, China",Active
2,ERNEST STEPP,"500 Lincoln Parkway, Jiangsu, Huaian, China",Active
1,REGINA BERRY,"475 Atinsk Way, Gansu, Jinchang, China",Active
1,EDUARDO HIATT,"1837 Kaduna Parkway, Inner Mongolia, Jining, China",Active
1,TERRENCE GUNDERSON,"844 Bucuresti Place, Liaoning, Jinzhou, China",Active
2,RICKY SHELBY,"722 Bradford Lane, Shandong, Junan, China",Active
1,FELICIA SUTTON,"226 Halifax Street, Xinxiang, Korla, China",Active
2,MEGAN PALMER,"1560 Jelets Boulevard, Shandong, Laiwu, China",Active
1,MELVIN ELLINGTON,"1557 Cape Coral Parkway, Hubei, Laohekou, China",Active
1,MARGIE WADE,"1762 Paarl Parkway, Hunan, Lengshuijiang, China",Active
2,DAVE GARDINER,"1052 Pathankot Avenue, Sichuan, Leshan, China",Active
1,CARRIE PORTER,"1854 Tieli Street, Shandong, Liaocheng, China",Active
2,RUBY WASHINGTON,"1952 Chatsworth Drive, Guangdong, Meixian, China",Active
1,PAMELA BAKER,"1440 Fukuyama Loop, Henan, Nanyang, China",Active
2,ERICA MATTHEWS,"1294 Firozabad Drive, Jiangxi, Pingxiang, China",InActive
1,GLENDA FRAZIER,"1246 Boksburg Parkway, Hebei, Qinhuangdao, China",Active
2,TYLER WREN,"1060 Tandil Lane, Shandong, Rizhao, China",Active
1,KELLY KNOTT,"390 Wroclaw Way, Hainan, Sanya, China",Active
2,KYLE SPURLOCK,"1269 Botosani Manor, Guangdong, Shanwei, China",Active
1,CLYDE TOBIAS,"1909 Dayton Avenue, Guangdong, Shaoguan, China",Active
1,EUGENE CULPEPPER,"686 Donostia-San Sebastin Lane, Guangdong, Shenzhen, China",Active
1,CHESTER BENNER,"1574 Goinia Boulevard, Heilongjiang, Suihua, China",Active
2,DORA MEDINA,"1760 Oshawa Manor, Tianjin, Tianjin, China",Active
1,MICHAEL SILVERMAN,"1908 Gaziantep Place, Liaoning, Tiefa, China",Active
2,AUSTIN CINTRON,"1325 Fukuyama Street, Heilongjiang, Tieli, China",Active
1,LEROY BUSTAMANTE,"105 Dzerzinsk Manor, Inner Mongolia, Tongliao, China",Active
1,MARION OCAMPO,"1464 Kursk Parkway, Shandong, Weifang, China",Active
2,HEIDI LARSON,"1103 Bilbays Parkway, Hubei, Xiangfan, China",InActive
1,KELLY TORRES,"1586 Guaruj Place, Hunan, Xiangtan, China",Active
2,BOB PFEIFFER,"415 Pune Avenue, Shandong, Xintai, China",Active
2,WALTER PERRYMAN,"1909 Benguela Lane, Henan, Xinxiang, China",Active
1,KAY CALDWELL,"85 San Felipe de Puerto Plata Drive, Shandong, Yantai, China",Active
1,ROBERTO VU,"1297 Alvorada Parkway, Ningxia, Yinchuan, China",Active
2,ROLAND SOUTH,"1993 0 Loop, Liaoning, Yingkou, China",Active
2,MICHELE GRANT,"798 Cianjur Avenue, Shanxi, Yuncheng, China",Active
2,GARY COY,"867 Benin City Avenue, Henan, Yuzhou, China",Active
1,PHYLLIS FOSTER,"832 Nakhon Sawan Manor, Inner Mongolia, Zalantun, China",Active
2,FRANKLIN TROUTMAN,"1778 Gijn Manor, Hubei, Zaoyang, China",Active
2,GUY BROWNLEE,"346 Cam Ranh Avenue, Zhejiang, Zhoushan, China",Active
1,JACKIE LYNCH,"98 Stara Zagora Boulevard, Valle, Buenaventura, Colombia",Active
2,SYLVIA ORTIZ,"241 Mosul Lane, Risaralda, Dos Quebradas, Colombia",Active
1,LEON BOSTIC,"734 Tanshui Avenue, Caquet, Florencia, Colombia",Active
2,STACY CUNNINGHAM,"1410 Benin City Parkway, Risaralda, Pereira, Colombia",Active
1,WANDA PATTERSON,"1740 Portoviejo Avenue, Sucre, Sincelejo, Colombia",Active
1,SAM MCDUFFIE,"656 Matamoros Drive, Boyac, Sogamoso, Colombia",Active
2,JESSE SCHILLING,"514 Ife Way, Shaba, Lubumbashi, Congo, The Democratic Republic of the",Active
2,AARON SELBY,"1519 Santiago de los Caballeros Loop, East Kasai, Mwene-Ditu, Congo, The Democratic Republic of the",Active
2,JENNIE TERRY,"682 Halisahar Place, Severn Morava, Olomouc, Czech Republic",Active
2,RANDALL NEUMANN,"1245 Ibirit Way, La Romana, La Romana, Dominican Republic",Active
2,JEFF EAST,"437 Chungho Drive, Puerto Plata, San Felipe de Puerto Plata, Dominican Republic",Active
1,MYRTLE FLEMING,"532 Toulon Street, Santiago, Santiago de los Caballeros, Dominican Republic",Active
1,TRACY HERRMANN,"1074 Sanaa Parkway, Loja, Loja, Ecuador",Active
2,PATSY DAVIDSON,"816 Cayenne Parkway, Manab, Portoviejo, Ecuador",Active
2,RAMON CHOATE,"1954 Kowloon and New Kowloon Way, Chimborazo, Robamba, Ecuador",Active
2,EVERETT BANDA,"1741 Hoshiarpur Boulevard, al-Sharqiya, Bilbays, Egypt",Active
2,LILLIE KIM,"1736 Cavite Place, Qina, Idfu, Egypt",Active
2,RICK MATTOX,"775 ostka Drive, al-Daqahliya, Mit Ghamr, Egypt",Active
1,EMMA BOYD,"765 Southampton Drive, al-Qalyubiya, Qalyub, Egypt",Active
2,ALFRED CASILLAS,"1727 Matamoros Place, Sawhaj, Sawhaj, Egypt",Active
1,SHERRY MARSHALL,"1987 Coacalco de Berriozbal Loop, al-Qalyubiya, Shubra al-Khayma, Egypt",Active
2,MARCUS HIDALGO,"1289 Belm Boulevard, Tartumaa, Tartu, Estonia",Active
2,SEAN DOUGLASS,"614 Pak Kret Street, Addis Abeba, Addis Abeba, Ethiopia",Active
2,EDWARD BAUGH,"1359 Zhoushan Parkway, Streymoyar, Trshavn, Faroe Islands",Active
1,ERIKA PENA,"898 Jining Lane, Pohjois-Pohjanmaa, Oulu, Finland",Active
1,LUIS YANEZ,"1346 Mysore Drive, Bretagne, Brest, France",Active
2,LAUREN HUDSON,"1740 Le Mans Loop, Pays de la Loire, Le Mans, France",Active
1,RITA GRAHAM,"1386 Yangor Avenue, Provence-Alpes-Cte, Toulon, France",Active
2,VIRGINIA GREEN,"391 Callao Drive, Midi-Pyrnes, Toulouse, France",Active
2,ROSE HOWARD,"698 Otsu Street, Cayenne, Cayenne, French Guiana",Active
2,CHRISTINE ROBERTS,"1447 Imus Way, Tahiti, Faaa, French Polynesia",Active
1,GLORIA COOK,"1668 Saint Louis Place, Tahiti, Papeete, French Polynesia",Active
2,SALVADOR TEEL,"247 Jining Parkway, Banjul, Banjul, Gambia",Active
2,GRACE ELLIS,"442 Rae Bareli Place, Nordrhein-Westfalen, Duisburg, Germany",Active
1,MIGUEL BETANCOURT,"319 Springs Loop, Baijeri, Erlangen, Germany",Active
2,VICKIE BREWER,"1966 Tonghae Street, Anhalt Sachsen, Halle/Saale, Germany",Active
1,ALMA AUSTIN,"1074 Binzhou Manor, Baden-Wrttemberg, Mannheim, Germany",Active
1,COLLEEN BURTON,"430 Alessandria Loop, Saarland, Saarbrcken, Germany",Active
1,VANESSA SIMS,"1792 Valle de la Pascua Place, Nordrhein-Westfalen, Siegen, Germany",Active
1,VICKI FIELDS,"68 Molodetno Manor, Nordrhein-Westfalen, Witten, Germany",Active
1,LINDA WILLIAMS,"692 Joliet Street, Attika, Athenai, Greece",Active
1,ENRIQUE FORSYTHE,"1101 Bucuresti Boulevard, West Greece, Patras, Greece",Active
1,GERTRUDE CASTILLO,"850 Salala Loop, Kitaa, Nuuk, Greenland",Active
2,JESSICA HALL,"18 Duisburg Boulevard, , Citt del Vaticano, Holy See (Vatican City State)",Active
1,VIOLET RODRIQUEZ,"1912 Allende Manor, Kowloon and New Kowl, Kowloon and New Kowloon, Hong Kong",Active
1,TERRANCE ROUSH,"42 Fontana Avenue, Fejr, Szkesfehrvr, Hungary",InActive
1,ADAM GOOCH,"230 Urawa Drive, Andhra Pradesh, Adoni, India",Active
1,SHERRI RHODES,"922 Vila Velha Loop, Maharashtra, Ahmadnagar, India",Active
1,ANNETTE OLSON,"431 Xiangtan Avenue, Kerala, Allappuzha (Alleppey), India",Active
1,ARLENE HARVEY,"1014 Loja Manor, Tamil Nadu, Ambattur, India",Active
1,CHRISTIAN JUNG,"949 Allende Lane, Uttar Pradesh, Amroha, India",InActive
1,LUCY WHEELER,"624 Oshawa Boulevard, West Bengali, Balurghat, India",Active
2,MARVIN YEE,"126 Acua Parkway, West Bengali, Berhampore (Baharampur), India",Active
1,CARLOS COUGHLIN,"97 Mogiljov Lane, Gujarat, Bhavnagar, India",Active
2,TONYA CHAPMAN,"43 Dadu Avenue, Rajasthan, Bhilwara, India",Active
2,ERIK GUILLEN,"635 Brest Manor, Andhra Pradesh, Bhimavaram, India",Active
1,HELEN HARRIS,"419 Iligan Lane, Madhya Pradesh, Bhopal, India",Active
2,CARLA GUTIERREZ,"642 Nador Drive, Maharashtra, Bhusawal, India",Active
1,TIM CARY,"1257 Guadalajara Street, Karnataka, Bijapur, India",Active
2,SALLY PIERCE,"1540 Wroclaw Drive, Maharashtra, Chandrapur, India",Active
1,RAUL FORTIER,"1747 Rustenburg Place, Bihar, Chapra, India",Active
1,BERNARD COLBY,"495 Bhimavaram Lane, Maharashtra, Dhule (Dhulia), India",Active
1,JOSEPHINE GOMEZ,"211 Chiayi Drive, Uttar Pradesh, Etawah, India",Active
1,LAURIE LAWRENCE,"9 San Miguel de Tucumn Manor, Uttar Pradesh, Firozabad, India",Active
1,EDITH MCDONALD,"1967 Sincelejo Place, Gujarat, Gandhinagar, India",Active
2,WAYNE TRUONG,"1049 Matamoros Parkway, Karnataka, Gulbarga, India",Active
2,HOLLY FOX,"435 0 Way, West Bengali, Haldia, India",Active
2,LENA JENSEN,"1027 Banjul Place, West Bengali, Halisahar, India",Active
2,ALLEN BUTTERFIELD,"791 Salinas Street, Punjab, Hoshiarpur, India",Active
2,ANITA MORALES,"788 Atinsk Street, Karnataka, Hubli-Dharwad, India",Active
1,MILDRED BAILEY,"81 Hodeida Way, Rajasthan, Jaipur, India",Active
1,AMY LOPEZ,"176 Mandaluyong Place, Uttar Pradesh, Jhansi, India",Active
2,PEARL GARZA,"60 Poos de Caldas Street, Rajasthan, Jodhpur, India",Active
2,BRENDA WRIGHT,"33 Gorontalo Way, West Bengali, Kamarhati, India",Active
2,LESTER KRAUS,"1013 Tabuk Boulevard, West Bengali, Kanchrapara, India",Active
1,NAOMI JENNINGS,"1884 Shikarpur Avenue, Haryana, Karnal, India",Active
1,CHAD CARBONE,"1948 Bayugan Parkway, Bihar, Katihar, India",Active
1,PENNY NEAL,"1675 Xiangfan Manor, Tamil Nadu, Kumbakonam, India",InActive
1,STEVEN CURLEY,"651 Pathankot Loop, Maharashtra, Miraj, India",Active
1,CYNTHIA YOUNG,"1425 Shikarpur Manor, Bihar, Munger (Monghyr), India",Active
1,CHERYL MURPHY,"1213 Ranchi Parkway, Karnataka, Mysore, India",Active
1,ALICIA MILLS,"1963 Moscow Place, Assam, Nagaon, India",Active
1,NINA SOTO,"1519 Ilorin Place, Kerala, Palghat (Palakkad), India",Active
1,JOHN FARNSWORTH,"41 El Alto Parkway, Maharashtra, Parbhani, India",Active
2,PAULA BRYANT,"1697 Tanauan Lane, Punjab, Pathankot, India",Active
2,RAMONA HALE,"951 Stara Zagora Manor, Punjab, Patiala, India",Active
1,LEE HAWKS,"1661 Abha Drive, Tamil Nadu, Pudukkottai, India",Active
2,JUANITA MASON,"943 Johannesburg Avenue, Maharashtra, Pune, India",Active
1,BRADLEY MOTLEY,"1596 Acua Parkway, Jharkhand, Purnea (Purnia), India",Active
1,LORI WOOD,"936 Salzburg Lane, Uttar Pradesh, Rae Bareli, India",Active
1,DWAYNE OLVERA,"1447 Imus Place, Gujarat, Rajkot, India",Active
1,JOSHUA MARK,"1920 Weifang Avenue, Uttar Pradesh, Rampur, India",Active
2,SAMUEL MARLOW,"604 Bern Place, Jharkhand, Ranchi, India",Active
2,AGNES BISHOP,"866 Shivapuri Manor, Uttar Pradesh, Sambhal, India",Active
2,GERALD FULTZ,"45 Aparecida de Goinia Place, Madhya Pradesh, Satna, India",Active
1,NELLIE GARRETT,"1964 Gijn Manor, Karnataka, Shimoga, India",Active
1,NICOLE PETERSON,"57 Arlington Manor, Madhya Pradesh, Shivapuri, India",Active
1,BRETT CORNWELL,"1197 Sokoto Boulevard, West Bengali, Siliguri (Shiliguri), India",Active
2,BECKY MILES,"1993 Tabuk Lane, Tamil Nadu, Tambaram, India",Active
1,BEATRICE ARNOLD,"1877 Ezhou Lane, Rajasthan, Udaipur, India",Active
2,THEODORE CULP,"1704 Tambaram Manor, West Bengali, Uluberia, India",InActive
1,GEORGIA JACOBS,"954 Kimchon Place, West Bengali, Uttarpara-Kotrung, India",Active
1,MIKE WAY,"990 Etawah Loop, Tamil Nadu, Valparai, India",Active
2,SHANNON FREEMAN,"117 Boa Vista Way, Uttar Pradesh, Varanasi (Benares), India",Active
2,MILTON HOWLAND,"758 Korolev Parkway, Andhra Pradesh, Vijayawada, India",Active
1,NANCY THOMAS,"808 Bhopal Manor, Haryana, Yamuna Nagar, India",Active
1,NORMAN CURRIER,"1445 Carmen Parkway, West Java, Cianjur, Indonesia",Active
2,MINNIE ROMERO,"47 Syktyvkar Lane, West Java, Ciomas, Indonesia",Active
2,JEFFREY SPEAR,"1860 Taguig Loop, West Java, Ciparay, Indonesia",Active
1,TARA RYAN,"1688 Nador Lane, Sulawesi Utara, Gorontalo, Indonesia",Active
2,SUZANNE NICHOLS,"456 Escobar Way, Jakarta Raya, Jakarta, Indonesia",Active
2,JORGE OLIVARES,"1078 Stara Zagora Drive, Aceh, Lhokseumawe, Indonesia",Active
1,REGINALD KINDER,"519 Brescia Parkway, East Java, Madiun, Indonesia",Active
2,LONNIE TIRADO,"1658 Cuman Loop, Sumatera Selatan, Pangkal Pinang, Indonesia",Active
1,VICTORIA GIBSON,"544 Malm Parkway, Central Java, Pemalang, Indonesia",Active
2,LESLIE SEWARD,"1152 al-Qatif Lane, Kalimantan Barat, Pontianak, Indonesia",Active
2,STEVE MACKENZIE,"154 Oshawa Manor, East Java, Probolinggo, Indonesia",Active
1,JARED ELY,"1003 Qinhuangdao Street, West Java, Purwakarta, Indonesia",Active
1,JAY ROBB,"1947 Paarl Way, Central Java, Surakarta, Indonesia",Active
1,LLOYD DOWD,"935 Aden Boulevard, Central Java, Tegal, Indonesia",Active
2,KATHLEEN ADAMS,"334 Munger (Monghyr) Lane, Markazi, Arak, Iran",Active
1,DOROTHY TAYLOR,"1531 Sal Drive, Esfahan, Esfahan, Iran",Active
1,HOWARD FORTNER,"220 Hidalgo Drive, Kermanshah, Kermanshah, Iran",Active
1,HARRY ARCE,"1922 Miraj Way, Esfahan, Najafabad, Iran",InActive
1,TOMMY COLLAZO,"76 Kermanshah Manor, Esfahan, Qomsheh, Iran",Active
1,ROBERTA HARPER,"927 Barcelona Street, Chaharmahal va Bakht, Shahr-e Kord, Iran",Active
2,OSCAR AQUINO,"956 Nam Dinh Manor, Kerman, Sirjan, Iran",Active
2,DIANNE SHELTON,"600 Bradford Street, East Azerbaidzan, Tabriz, Iran",Active
2,DARYL LARUE,"1208 Tama Loop, Ninawa, Mosul, Iraq",Active
1,CRYSTAL FORD,"659 Vaduz Drive, Ha Darom, Ashdod, Israel",Active
1,LEWIS LYMAN,"632 Usolje-Sibirskoje Parkway, Ha Darom, Ashqelon, Israel",Active
2,KENNETH GOODEN,"1542 Lubumbashi Boulevard, Tel Aviv, Bat Yam, Israel",InActive
1,GERALDINE PERKINS,"97 Shimoga Avenue, Tel Aviv, Tel Aviv-Jaffa, Israel",Active
2,ANNA HILL,"127 Purnea (Purnia) Manor, Piemonte, Alessandria, Italy",Active
2,ALEXANDER FENNELL,"231 Kaliningrad Place, Lombardia, Bergamo, Italy",Active
1,CHRISTOPHER GRECO,"1224 Huejutla de Reyes Boulevard, Lombardia, Brescia, Italy",Active
2,MARC OUTLAW,"1 Valle de Santiago Avenue, Apulia, Brindisi, Italy",Active
2,DARREN WINDHAM,"379 Lublin Parkway, Toscana, Livorno, Italy",Active
1,BESSIE MORRISON,"1926 Gingoog Street, Sisilia, Syrakusa, Italy",Active
2,ADRIAN CLARY,"1986 Sivas Place, Friuli-Venezia Giuli, Udine, Italy",Active
2,JULIAN VEST,"923 Tangail Boulevard, Tokyo-to, Akishima, Japan",Active
1,DEBBIE REYES,"928 Jaffna Loop, Hiroshima, Fukuyama, Japan",Active
1,GWENDOLYN MAY,"446 Kirovo-Tepetsk Lane, Osaka, Higashiosaka, Japan",Active
2,KRISTEN CHAVEZ,"345 Oshawa Boulevard, Tokyo-to, Hino, Japan",Active
2,JAMES GANNON,"1635 Kuwana Boulevard, Hiroshima, Hiroshima, Japan",Active
2,RON DELUCA,"1949 Sanya Street, Gumma, Isesaki, Japan",Active
1,MARLENE WELCH,"1148 Saarbrcken Parkway, Fukushima, Iwaki, Japan",Active
1,TERESA ROGERS,"1964 Allappuzha (Alleppey) Street, Yamaguchi, Iwakuni, Japan",Active
1,EARL SHANKS,"168 Cianjur Manor, Saitama, Iwatsuki, Japan",Active
1,CLARENCE GAMEZ,"767 Pyongyang Drive, Osaka, Izumisano, Japan",Active
1,CATHY SPENCER,"1287 Xiangfan Boulevard, Gifu, Kakamigahara, Japan",Active
1,RACHEL BARNES,"586 Tete Way, Kanagawa, Kamakura, Japan",Active
1,KURT EMMONS,"1421 Quilmes Lane, Ishikawa, Kanazawa, Japan",Active
2,TONY CARRANZA,"454 Patiala Lane, Fukushima, Koriyama, Japan",Active
2,REBECCA SCOTT,"61 Tama Street, Okayama, Kurashiki, Japan",Active
2,JAMIE WAUGH,"958 Sagamihara Lane, Mie, Kuwana, Japan",Active
2,TERRY GRISSOM,"619 Hunuco Avenue, Shimane, Matsue, Japan",Active
1,TERRY CARLSON,"752 Ondo Loop, Miyazaki, Miyakonojo, Japan",Active
1,HEATHER MORRIS,"17 Kabul Boulevard, Chiba, Nagareyama, Japan",Active
1,RICARDO MEADOR,"591 Sungai Petani Drive, Okayama, Okayama, Japan",Active
2,BRUCE SCHWARZ,"1565 Tangail Manor, Okinawa, Okinawa, Japan",Active
2,STANLEY SCROGGINS,"1266 Laredo Parkway, Saitama, Omiya, Japan",Active
1,JERRY JORDON,"124 al-Manama Way, Hiroshima, Onomichi, Japan",Active
1,MIRIAM MCKINNEY,"1336 Benin City Drive, Shiga, Otsu, Japan",Active
2,LISA ANDERSON,"1542 Tarlac Parkway, Kanagawa, Sagamihara, Japan",Active
1,MARY SMITH,"1913 Hanoi Way, Nagasaki, Sasebo, Japan",Active
2,ANGELA HERNANDEZ,"786 Aurora Avenue, Yamaguchi, Shimonoseki, Japan",Active
1,PHILLIP HOLM,"102 Chapra Drive, Ibaragi, Tama, Japan",Active
2,FREDERICK ISBELL,"1404 Taguig Drive, Okayama, Tsuyama, Japan",Active
1,ANGEL BARCLAY,"496 Celaya Drive, Nagano, Ueda, Japan",Active
2,JOANNE ROBERTSON,"1337 Lincoln Parkway, Saitama, Urawa, Japan",Active
2,IRENE PRICE,"602 Paarl Street, Pavlodar, Pavlodar, Kazakstan",Active
1,BYRON BOX,"521 San Juan Bautista Tuxtepec Place, Qaraghandy, Zhezqazghan, Kazakstan",Active
2,KATIE ELLIOTT,"447 Surakarta Loop, Nyanza, Kisumu, Kenya",Active
2,ROY WHITING,"1658 Jastrzebie-Zdrj Loop, Central, Nyeri, Kenya",Active
1,CLAUDIA FULLER,"346 Skikda Parkway, Hawalli, Jalib al-Shuyukh, Kuwait",Active
2,RYAN SALISBURY,"1673 Tangail Drive, Daugavpils, Daugavpils, Latvia",Active
2,SARAH LEWIS,"1780 Hino Boulevard, Liepaja, Liepaja, Latvia",Active
2,EVELYN MORGAN,"943 Tokat Street, Vaduz, Vaduz, Liechtenstein",Active
1,FELIX GAFFNEY,"1059 Yuncheng Avenue, Vilna, Vilnius, Lithuania",Active
1,ANDREA HENDERSON,"320 Baiyin Parkway, Mahajanga, Mahajanga, Madagascar",Active
1,LYNN PAYNE,"710 San Felipe del Progreso Avenue, Lilongwe, Lilongwe, Malawi",Active
2,DOLORES WAGNER,"316 Uruapan Street, Perak, Ipoh, Malaysia",Active
1,JEAN BELL,"1114 Liepaja Street, Sarawak, Kuching, Malaysia",Active
1,CHARLES KOWALSKI,"715 So Bernardo do Campo Lane, Kedah, Sungai Petani, Malaysia",Active
1,GLEN TALBERT,"1789 Saint-Denis Parkway, Coahuila de Zaragoza, Acua, Mexico",Active
1,VINCENT RALSTON,"397 Sunnyvale Avenue, Guanajuato, Allende, Mexico",Active
2,SARA PERRY,"125 Citt del Vaticano Boulevard, Puebla, Atlixco, Mexico",Active
2,WILLARD LUMPKIN,"1819 Alessandria Loop, Campeche, Carmen, Mexico",Active
1,SERGIO STANFIELD,"1402 Zanzibar Boulevard, Guanajuato, Celaya, Mexico",Active
1,STELLA MORENO,"1473 Changhwa Parkway, Mxico, Coacalco de Berriozbal, Mexico",Active
1,MAURICE CRAWLEY,"1785 So Bernardo do Campo Street, Veracruz, Coatzacoalcos, Mexico",InActive
2,ALVIN DELOACH,"1447 Chatsworth Place, Chihuahua, Cuauhtmoc, Mexico",Active
2,MATTHEW MAHAN,"479 San Felipe del Progreso Avenue, Morelos, Cuautla, Mexico",Active
2,ISAAC OGLESBY,"186 Skikda Lane, Morelos, Cuernavaca, Mexico",Active
1,JIM REA,"814 Simferopol Loop, Sinaloa, El Fuerte, Mexico",Active
1,BENJAMIN VARNEY,"817 Laredo Avenue, Jalisco, Guadalajara, Mexico",Active
2,DANIELLE DANIELS,"781 Shimonoseki Drive, Michoacn de Ocampo, Hidalgo, Mexico",Active
2,ANDY VANHORN,"966 Asuncin Way, Hidalgo, Huejutla de Reyes, Mexico",Active
1,TRACY COLE,"1002 Ahmadnagar Manor, Mxico, Huixquilucan, Mexico",Active
1,VIRGIL WOFFORD,"760 Miyakonojo Drive, Guerrero, Jos Azueta, Mexico",Active
2,FRED WHEAT,"433 Florencia Street, Chihuahua, Jurez, Mexico",Active
2,SHANE MILLARD,"184 Mandaluyong Street, Baja California Sur, La Paz, Mexico",Active
2,SAMANTHA DUNCAN,"146 Johannesburg Way, Tamaulipas, Matamoros, Mexico",Active
1,DOUGLAS GRAF,"785 Vaduz Street, Baja California, Mexicali, Mexico",Active
2,IVAN CROMWELL,"1351 Sousse Lane, Coahuila de Zaragoza, Monclova, Mexico",Active
1,WENDY HARRISON,"1107 Nakhon Sawan Avenue, Mxico, Nezahualcyotl, Mexico",Active
1,JONATHAN SCARBOROUGH,"1698 Southport Loop, Hidalgo, Pachuca de Soto, Mexico",Active
2,PRISCILLA LOWE,"144 South Hill Loop, Guanajuato, Salamanca, Mexico",Active
2,RONALD WEINER,"1145 Vilnius Manor, Mxico, San Felipe del Progreso, Mexico",Active
2,FRANCIS SIKES,"355 Vitria de Santo Anto Way, Oaxaca, San Juan Bautista Tuxtepec, Mexico",Active
1,PAULINE HENRY,"261 Saint Louis Way, Coahuila de Zaragoza, Torren, Mexico",Active
2,ALEX GRESHAM,"251 Florencia Drive, Michoacn de Ocampo, Uruapan, Mexico",Active
1,BOBBIE CRAIG,"86 Higashiosaka Lane, Guanajuato, Valle de Santiago, Mexico",Active
1,FLOYD GANDY,"1088 Ibirit Place, Jalisco, Zapopan, Mexico",Active
1,MARTHA GONZALEZ,"269 Cam Ranh Parkway, Chisinau, Chisinau, Moldova",Active
1,LANCE PEMBERTON,"454 Qinhuangdao Drive, Tadla-Azilal, Beni-Mellal, Morocco",Active
2,AMANDA CARTER,"671 Graz Street, Oriental, Nador, Morocco",Active
1,LAURA RODRIGUEZ,"28 Charlotte Amalie Street, Rabat-Sal-Zammour-Z, Sal, Morocco",Active
2,MARSHA DOUGLAS,"771 Yaound Manor, Sofala, Beira, Mozambique",Active
1,DON BONE,"596 Huixquilucan Place, Nampula, Naala-Porto, Mozambique",Active
2,ANNIE RUSSELL,"1599 Plock Drive, Tete, Tete, Mozambique",Active
2,MABEL HOLLAND,"51 Laredo Avenue, Sagaing, Monywa, Myanmar",Active
2,BARBARA JONES,"1566 Inegl Manor, Mandalay, Myingyan, Myanmar",Active
2,DUANE TUBBS,"962 Tama Loop, , Yangor, Nauru",Active
1,KEVIN SCHULER,"470 Boksburg Street, Central, Birgunj, Nepal",Active
1,GLENN PULLEN,"992 Klerksdorp Loop, Utrecht, Amersfoort, Netherlands",Active
2,RHONDA KENNEDY,"1749 Daxian Place, Gelderland, Apeldoorn, Netherlands",Active
1,PETER MENARD,"1217 Konotop Avenue, Gelderland, Ede, Netherlands",Active
2,DUSTIN GILLETTE,"1854 Okara Boulevard, Drenthe, Emmen, Netherlands",Active
1,VIVIAN RUIZ,"741 Ambattur Manor, Noord-Brabant, s-Hertogenbosch, Netherlands",Active
2,SUSAN WILSON,"478 Joliet Way, Hamilton, Hamilton, New Zealand",Active
1,SONIA GREGORY,"1279 Udine Parkway, Edo & Delta, Benin City, Nigeria",Active
2,RODNEY MOELLER,"1936 Lapu-Lapu Parkway, Bauchi & Gombe, Deba Habe, Nigeria",Active
1,VELMA LUCAS,"1155 Liaocheng Place, Oyo & Osun, Effon-Alaiye, Nigeria",Active
1,MARILYN ROSS,"1888 Kabul Drive, Oyo & Osun, Ife, Nigeria",Active
2,ELSIE KELLEY,"955 Bamenda Way, Ondo & Ekiti, Ikerre, Nigeria",Active
1,GLADYS HAMILTON,"1177 Jelets Way, Kwara & Kogi, Ilorin, Nigeria",Active
2,CAROL GARCIA,"320 Brest Avenue, Kaduna, Kaduna, Nigeria",Active
2,OLGA JIMENEZ,"556 Baybay Manor, Oyo & Osun, Ogbomosho, Nigeria",Active
1,BERTHA FERGUSON,"1367 Yantai Manor, Ondo & Ekiti, Ondo, Nigeria",Active
2,TRACEY BARRETT,"1006 Santa Brbara dOeste Manor, Ondo & Ekiti, Owo, Nigeria",Active
2,JO FOWLER,"786 Stara Zagora Way, Oyo & Osun, Oyo, Nigeria",Active
1,WALLACE SLONE,"1342 Sharja Way, Sokoto & Kebbi & Zam, Sokoto, Nigeria",Active
2,CONSTANCE REID,"885 Yingkou Manor, Kaduna, Zaria, Nigeria",Active
2,DARLENE ROSE,"1386 Nakhon Sawan Boulevard, Pyongyang-si, Pyongyang, North Korea",Active
2,MARGARET MOORE,"613 Korolev Drive, Masqat, Masqat, Oman",Active
1,GENE SANBORN,"1416 San Juan Bautista Tuxtepec Avenue, Zufar, Salala, Oman",Active
2,JEFFERY PINSON,"966 Arecibo Loop, Sind, Dadu, Pakistan",Active
1,MELINDA FERNANDEZ,"1820 Maring Parkway, Punjab, Mandi Bahauddin, Pakistan",Active
2,SHARON ROBINSON,"1688 Okara Way, Nothwest Border Prov, Mardan, Pakistan",Active
1,DANNY ISOM,"734 Bchar Place, Punjab, Okara, Pakistan",Active
1,DEBORAH WALKER,"934 San Felipe de Puerto Plata Street, Sind, Shikarpur, Pakistan",Active
2,MAUREEN LITTLE,"201 Effon-Alaiye Way, Asuncin, Asuncin, Paraguay",Active
2,EILEEN CARR,"1679 Antofagasta Street, Alto Paran, Ciudad del Este, Paraguay",Active
1,CARL ARTIS,"1628 Nagareyama Lane, Central, San Lorenzo, Paraguay",Active
2,DAVID ROYAL,"827 Yuncheng Drive, Callao, Callao, Peru",Active
2,JAIME NETTLES,"1746 Faaa Way, Huanuco, Hunuco, Peru",Active
1,THELMA MURRAY,"1175 Tanauan Way, Lima, Lima, Peru",Active
1,FREDDIE DUGGAN,"1103 Quilmes Boulevard, Piura, Sullana, Peru",Active
1,KATHY JAMES,"492 Cam Ranh Street, Eastern Visayas, Baybay, Philippines",Active
1,MELANIE ARMSTRONG,"1166 Changhwa Street, Caraga, Bayugan, Philippines",Active
1,NORMA GONZALES,"152 Kitwe Parkway, Caraga, Bislig, Philippines",Active
1,BILLY POULIN,"1061 Ede Avenue, Southern Tagalog, Cabuyao, Philippines",Active
2,CRAIG MORRELL,"717 Changzhou Lane, Southern Tagalog, Cavite, Philippines",Active
2,SHIRLEY ALLEN,"217 Botshabelo Place, Southern Mindanao, Davao, Philippines",Active
1,DEREK BLAKELY,"118 Jaffna Loop, Northern Mindanao, Gingoog, Philippines",Active
2,IRMA PEARSON,"127 Iwakuni Boulevard, Central Luzon, Hagonoy, Philippines",Active
1,ROSS GREY,"951 Springs Lane, Central Mindanao, Iligan, Philippines",Active
2,JOE GILLILAND,"953 Hodeida Street, Southern Tagalog, Imus, Philippines",Active
2,VIOLA HANSON,"582 Papeete Loop, Central Visayas, Lapu-Lapu, Philippines",Active
1,HILDA HOPKINS,"1831 Nam Dinh Loop, National Capital Reg, Mandaluyong, Philippines",Active
1,EDDIE TOMLIN,"1351 Aparecida de Goinia Parkway, Northern Mindanao, Ozamis, Philippines",Active
2,ARNOLD HAVENS,"1176 Southend-on-Sea Manor, Southern Tagalog, Santa Rosa, Philippines",Active
2,THERESA WATSON,"89 Allappuzha (Alleppey) Manor, National Capital Reg, Taguig, Philippines",Active
1,RAFAEL ABNEY,"48 Maracabo Place, Central Luzon, Talavera, Philippines",Active
1,LOUIS LEONE,"1191 Tandil Drive, Southern Tagalog, Tanauan, Philippines",Active
1,MARCIA DEAN,"1479 Rustenburg Boulevard, Southern Tagalog, Tanza, Philippines",Active
1,ALLAN CORNISH,"947 Trshavn Place, Central Luzon, Tarlac, Philippines",Active
1,DEANNA BYRD,"862 Xintai Lane, Cagayan Valley, Tuguegarao, Philippines",Active
1,BRIAN WYMAN,"1769 Iwaki Lane, Kujawsko-Pomorskie, Bydgoszcz, Poland",Active
1,SIDNEY BURLESON,"1405 Hagonoy Avenue, Slaskie, Czestochowa, Poland",Active
1,MARJORIE TUCKER,"1050 Garden Grove Avenue, Slaskie, Jastrzebie-Zdrj, Poland",Active
1,LEAH CURTIS,"906 Goinia Way, Wielkopolskie, Kalisz, Poland",Active
1,RUBEN GEARY,"414 Mandaluyong Street, Lubelskie, Lublin, Poland",Active
2,JOHNNIE CHISHOLM,"1501 Pangkal Pinang Avenue, Mazowieckie, Plock, Poland",Active
1,RUSSELL BRINSON,"1642 Charlotte Amalie Drive, Slaskie, Tychy, Poland",Active
1,JIMMIE EGGLESTON,"505 Madiun Boulevard, Dolnoslaskie, Wroclaw, Poland",InActive
2,RALPH MADRIGAL,"1009 Zanzibar Lane, Arecibo, Arecibo, Puerto Rico",Active
2,JENNY CASTRO,"1405 Chisinau Place, Ponce, Ponce, Puerto Rico",Active
2,JOY GEORGE,"1256 Bislig Boulevard, Botosani, Botosani, Romania",Active
2,KEN PREWITT,"1342 Abha Boulevard, Bukarest, Bucuresti, Romania",Active
1,ELEANOR HUNT,"1952 Pune Lane, Saint-Denis, Saint-Denis, Runion",Active
1,JIMMY SCHRADER,"616 Hagonoy Avenue, Krasnojarsk, Atinsk, Russian Federation",Active
2,DORIS REED,"1697 Kowloon and New Kowloon Loop, Moskova, Balaiha, Russian Federation",Active
1,RAY HOULE,"740 Udaipur Lane, Nizni Novgorod, Dzerzinsk, Russian Federation",Active
1,DONNA THOMPSON,"270 Toulon Boulevard, Kalmykia, Elista, Russian Federation",Active
1,CONNIE WALLACE,"1867 San Juan Bautista Tuxtepec Avenue, Ivanovo, Ivanovo, Russian Federation",Active
2,DELORES HANSEN,"810 Palghat (Palakkad) Boulevard, Jaroslavl, Jaroslavl, Russian Federation",Active
1,ROBIN HAYES,"1913 Kamakura Place, Lipetsk, Jelets, Russian Federation",Active
2,ROBERT BAUGHMAN,"1883 Maikop Lane, Kaliningrad, Kaliningrad, Russian Federation",Active
2,BEN EASTER,"886 Tonghae Place, Volgograd, Kamyin, Russian Federation",InActive
1,DANA HART,"1089 Iwatsuki Avenue, Kirov, Kirovo-Tepetsk, Russian Federation",Active
1,DAISY BATES,"661 Chisinau Lane, Pietari, Kolpino, Russian Federation",Active
1,PHILIP CAUSEY,"954 Lapu-Lapu Way, Moskova, Korolev, Russian Federation",Active
1,RANDY GAITHER,"1618 Olomouc Manor, Kurgan, Kurgan, Russian Federation",Active
2,PAUL TROUT,"746 Joliet Lane, Kursk, Kursk, Russian Federation",Active
1,MARIE TURNER,"1998 Halifax Drive, Lipetsk, Lipetsk, Russian Federation",Active
2,ERIN DUNN,"1623 Baha Blanca Manor, Moskova, Ljubertsy, Russian Federation",Active
1,ARTHUR SIMPKINS,"1157 Nyeri Loop, Adygea, Maikop, Russian Federation",Active
2,CATHERINE CAMPBELL,"46 Pjatigorsk Lane, Moscow (City), Moscow, Russian Federation",Active
1,CLIFFORD BOWENS,"207 Cuernavaca Loop, Tatarstan, Nabereznyje Telny, Russian Federation",Active
1,ANN EVANS,"909 Garland Manor, Tatarstan, Niznekamsk, Russian Federation",Active
1,JEANETTE GREENE,"1077 San Felipe de Puerto Plata Place, Rostov-na-Donu, Novoterkassk, Russian Federation",Active
2,HECTOR POINDEXTER,"185 Mannheim Lane, Stavropol, Pjatigorsk, Russian Federation",Active
2,ALFREDO MCADAMS,"1407 Surakarta Manor, Moskova, Serpuhov, Russian Federation",Active
2,ELAINE STEVENS,"801 Hagonoy Drive, Smolensk, Smolensk, Russian Federation",Active
2,HERBERT KRUGER,"1823 Hoshiarpur Lane, Komi, Syktyvkar, Russian Federation",Active
1,JUAN FRALEY,"469 Nakhon Sawan Street, Tuvassia, Teboksary, Russian Federation",Active
2,WARREN SHERROD,"1621 Tongliao Avenue, Irkutsk, Usolje-Sibirskoje, Russian Federation",Active
1,JACK FOUST,"1378 Beira Loop, Krasnojarsk, Zeleznogorsk, Russian Federation",Active
1,JOSE ANDREW,"1016 Iwakuni Street, St George, Kingstown, Saint Vincent and the Grenadines",Active
1,PEGGY MYERS,"733 Mandaluyong Place, Asir, Abha, Saudi Arabia",Active
2,CHRISTINA RAMIREZ,"1124 Buenaventura Drive, Mekka, al-Hawiya, Saudi Arabia",Active
1,TRAVIS ESTEP,"289 Santo Andr Manor, al-Sharqiya, al-Qatif, Saudi Arabia",Active
2,JOYCE EDWARDS,"725 Isesaki Place, Mekka, Jedda, Saudi Arabia",Active
2,MARK RINEHART,"780 Kimberley Way, Tabuk, Tabuk, Saudi Arabia",Active
2,RONNIE RICKETTS,"1889 Valparai Way, Ziguinchor, Ziguinchor, Senegal",Active
1,KEITH RICO,"482 Kowloon and New Kowloon Manor, Bratislava, Bratislava, Slovakia",Active
1,ETHEL WEBB,"569 Baicheng Lane, Gauteng, Boksburg, South Africa",Active
2,ESTHER CRAWFORD,"898 Belm Manor, Free State, Botshabelo, South Africa",Active
1,DWIGHT LOMBARDI,"1497 Fengshan Drive, KwaZulu-Natal, Chatsworth, South Africa",Active
1,DEAN SAUER,"270 Tambaram Parkway, Gauteng, Johannesburg, South Africa",Active
1,RUTH MARTINEZ,"1417 Lancaster Avenue, Northern Cape, Kimberley, South Africa",Active
2,EDNA WEST,"682 Junan Way, North West, Klerksdorp, South Africa",Active
1,EDWIN BURK,"1766 Almirante Brown Street, KwaZulu-Natal, Newcastle, South Africa",Active
1,DENNIS GILMAN,"1443 Mardan Street, Western Cape, Paarl, South Africa",Active
1,DALE RATCLIFF,"1639 Saarbrcken Drive, North West, Rustenburg, South Africa",Active
1,LUCILLE HOLMES,"999 Sanaa Loop, Gauteng, Soshanguve, South Africa",Active
1,LOUISE JENKINS,"929 Tallahassee Loop, Gauteng, Springs, South Africa",Active
2,BONNIE HUGHES,"1942 Ciparay Parkway, Cheju, Cheju, South Korea",Active
2,EMILY DIAZ,"588 Vila Velha Manor, Kyongsangbuk, Kimchon, South Korea",Active
1,TANYA GILBERT,"647 A Corua (La Corua) Street, Chollanam, Naju, South Korea",Active
2,FERNANDO CHURCHILL,"193 Bhusawal Place, Kang-won, Tonghae, South Korea",Active
1,COURTNEY DAY,"300 Junan Street, Kyonggi, Uijongbu, South Korea",Active
1,JULIE SANCHEZ,"939 Probolinggo Loop, Galicia, A Corua (La Corua), Spain",Active
2,MAE FLETCHER,"44 Najafabad Way, Baskimaa, Donostia-San Sebastin, Spain",Active
2,CHRIS BROTHERS,"331 Bydgoszcz Parkway, Asturia, Gijn, Spain",Active
2,WESLEY BULL,"1469 Plock Lane, Galicia, Ourense (Orense), Spain",Active
1,NELSON CHRISTENSON,"1764 Jalib al-Shuyukh Parkway, Galicia, Santiago de Compostela, Spain",Active
1,MANUEL MURRELL,"692 Amroha Drive, Northern, Jaffna, Sri Lanka",Active
2,JOHNNY TURPIN,"1152 Citrus Heights Manor, al-Qadarif, al-Qadarif, Sudan",Active
1,DIANE COLLINS,"115 Hidalgo Parkway, Khartum, Omdurman, Sudan",Active
2,JANICE WARD,"1150 Kimchon Manor, Skne ln, Malm, Sweden",Active
2,KATHERINE RIVERA,"915 Ponce Place, Basel-Stadt, Basel, Switzerland",Active
1,GAIL KNIGHT,"185 Novi Sad Place, Bern, Bern, Switzerland",Active
1,WADE DELVALLE,"1331 Usak Boulevard, Vaud, Lausanne, Switzerland",Active
2,TAMMY SANDERS,"1551 Rampur Lane, Changhwa, Changhwa, Taiwan",Active
2,BEVERLY BROOKS,"1947 Poos de Caldas Boulevard, Chiayi, Chiayi, Taiwan",Active
2,BRAD MCCURDY,"608 Birgunj Parkway, Taipei, Chungho, Taiwan",Active
2,MORRIS MCCARTER,"1568 Celaya Parkway, Kaohsiung, Fengshan, Taiwan",Active
2,ROGER QUINTANILLA,"381 Kabul Way, Taipei, Hsichuh, Taiwan",Active
1,MELISSA KING,"1668 Anpolis Street, Taipei, Lungtan, Taiwan",Active
1,ELIZABETH BROWN,"53 Idfu Parkway, Nantou, Nantou, Taiwan",Active
2,CLIFTON MALCOLM,"1489 Kakamigahara Lane, Taipei, Tanshui, Taiwan",Active
1,AMBER DIXON,"1029 Dzerzinsk Manor, Ynlin, Touliu, Taiwan",Active
1,KIRK STCLAIR,"1923 Stara Zagora Lane, Nantou, Tsaotun, Taiwan",Active
1,HERMAN DEVORE,"64 Korla Street, Mwanza, Mwanza, Tanzania",Active
2,YOLANDA WEAVER,"605 Rio Claro Parkway, Tabora, Tabora, Tanzania",Active
2,CHARLENE ALVAREZ,"1842 Luzinia Boulevard, Zanzibar West, Zanzibar, Tanzania",Active
1,SHAWN HEATON,"1337 Mit Ghamr Avenue, Nakhon Sawan, Nakhon Sawan, Thailand",Active
2,CAROLYN PEREZ,"1632 Bislig Avenue, Nonthaburi, Pak Kret, Thailand",Active
2,JACQUELINE LONG,"870 Ashqelon Loop, Songkhla, Songkhla, Thailand",Active
1,HENRY BILLINGSLEY,"1516 Escobar Drive, Tongatapu, Nukualofa, Tonga",Active
1,GREGORY MAULDIN,"507 Smolensk Loop, Sousse, Sousse, Tunisia",Active
2,LARRY THRASHER,"663 Baha Blanca Parkway, Adana, Adana, Turkey",Active
1,BRANDON HUEY,"1912 Emeishan Drive, Balikesir, Balikesir, Turkey",Active
1,BERNICE WILLIS,"29 Pyongyang Loop, Batman, Batman, Turkey",Active
2,VERNON CHAPA,"698 Jelets Boulevard, Denizli, Denizli, Turkey",Active
2,EDGAR RHOADS,"1269 Ipoh Avenue, Eskisehir, Eskisehir, Turkey",Active
1,COREY HAUSER,"984 Novoterkassk Loop, Gaziantep, Gaziantep, Turkey",Active
2,BILLIE HORTON,"457 Tongliao Loop, Bursa, Inegl, Turkey",Active
1,LESLIE GORDON,"374 Bat Yam Boulevard, Kilis, Kilis, Turkey",Active
1,SHEILA WELLS,"848 Tafuna Manor, Ktahya, Ktahya, Turkey",InActive
2,KAREN JACKSON,"270 Amroha Parkway, Osmaniye, Osmaniye, Turkey",Active
1,GABRIEL HARDER,"680 A Corua (La Corua) Manor, Sivas, Sivas, Turkey",Active
1,BRENT HARKINS,"319 Plock Parkway, Istanbul, Sultanbeyli, Turkey",Active
2,JOANN GARDNER,"842 Salzburg Lane, Adana, Tarsus, Turkey",Active
1,CASEY MENA,"539 Hami Way, Tokat, Tokat, Turkey",Active
1,ROSEMARY SCHMIDT,"1215 Pyongyang Parkway, Usak, Usak, Turkey",Active
2,JEANNE LAWSON,"387 Mwene-Ditu Drive, Ahal, Ashgabat, Turkmenistan",Active
1,DAWN SULLIVAN,"454 Nakhon Sawan Boulevard, Funafuti, Funafuti, Tuvalu",Active
1,TODD TAN,"1793 Meixian Place, Hmelnytskyi, Kamjanets-Podilskyi, Ukraine",Active
2,JULIO NOLAND,"182 Nukualofa Drive, Sumy, Konotop, Ukraine",Active
2,MONICA HICKS,"1752 So Leopoldo Parkway, Taka-Karpatia, Mukateve, Ukraine",Active
2,PEDRO CHESTNUT,"421 Yaound Street, Sumy, ostka, Ukraine",Active
1,KATHRYN COLEMAN,"927 Baha Blanca Parkway, Krim, Simferopol, Ukraine",Active
2,BRITTANY RILEY,"140 Chiayi Parkway, Sumy, Sumy, Ukraine",Active
1,TOM MILNER,"535 Ahmadnagar Manor, Abu Dhabi, Abu Dhabi, United Arab Emirates",Active
1,LILLIAN GRIFFIN,"669 Firozabad Loop, Abu Dhabi, al-Ayn, United Arab Emirates",Active
2,MISTY LAMBERT,"1192 Tongliao Street, Sharja, Sharja, United Arab Emirates",Active
2,ANNE POWELL,"1557 Ktahya Boulevard, England, Bradford, United Kingdom",Active
1,APRIL BURNS,"483 Ljubertsy Parkway, Scotland, Dundee, United Kingdom",Active
2,MATTIE HOFFMAN,"1497 Yuzhou Drive, England, London, United Kingdom",Active
1,CECIL VINES,"548 Uruapan Street, Ontario, London, United Kingdom",Active
1,MARSHALL THORN,"1584 Ljubertsy Lane, England, Southampton, United Kingdom",Active
2,SANDRA MARTIN,"360 Toulouse Parkway, England, Southend-on-Sea, United Kingdom",InActive
2,ARMANDO GRUBER,"869 Shikarpur Way, England, Southport, United Kingdom",Active
1,DAN PAINE,"808 Naala-Porto Parkway, England, Stockport, United Kingdom",Active
2,GILBERT SLEDGE,"1515 Korla Way, England, York, United Kingdom",Active
1,ZACHARY HITE,"98 Pyongyang Boulevard, Ohio, Akron, United States",Active
1,RICHARD MCCRARY,"913 Coacalco de Berriozbal Loop, Texas, Arlington, United States",Active
1,DIANA ALEXANDER,"1308 Arecibo Way, Georgia, Augusta-Richmond County, United States",Active
1,SCOTT SHELLEY,"587 Benguela Manor, Illinois, Aurora, United States",Active
2,CLINTON BUFORD,"43 Vilnius Manor, Colorado, Aurora, United States",Active
2,WILMA RICHARDS,"660 Jedda Boulevard, Washington, Bellevue, United States",Active
1,VALERIE BLACK,"782 Mosul Street, Massachusetts, Brockton, United States",Active
2,KARL SEAL,"1427 Tabuk Place, Florida, Cape Coral, United States",Active
2,BETTY WHITE,"770 Bydgoszcz Avenue, California, Citrus Heights, United States",Active
1,EVA RAMOS,"1666 Beni-Mellal Place, Tennessee, Clarksville, United States",Active
1,RENEE LANE,"533 al-Ayn Boulevard, California, Compton, United States",Active
2,BRYAN HARDISON,"530 Lausanne Lane, Texas, Dallas, United States",Active
2,SHELLY WATTS,"32 Pudukkottai Lane, Ohio, Dayton, United States",Active
1,JACOB LANCE,"1866 al-Qatif Avenue, California, El Monte, United States",Active
1,ALICE STEWART,"1135 Izumisano Parkway, California, Fontana, United States",Active
2,RENE MCALISTER,"1895 Zhezqazghan Drive, California, Garden Grove, United States",Active
2,IAN STILL,"1894 Boa Vista Way, Texas, Garland, United States",Active
1,KIM CRUZ,"333 Goinia Way, Texas, Grand Prairie, United States",Active
1,VERONICA STONE,"369 Papeete Way, North Carolina, Greensboro, United States",Active
1,NATHANIEL ADAM,"786 Matsue Way, Illinois, Joliet, United States",Active
1,THOMAS GRIGSBY,"1191 Sungai Petani Boulevard, Missouri, Kansas City, United States",Active
2,ROSA REYNOLDS,"793 Cam Ranh Avenue, California, Lancaster, United States",Active
2,JENNIFER DAVIS,"1795 Santiago de Compostela Way, Texas, Laredo, United States",Active
1,ASHLEY RICHARDSON,"1214 Hanoi Way, Nebraska, Lincoln, United States",Active
2,VICTOR BARKLEY,"401 Sucre Boulevard, New Hampshire, Manchester, United States",Active
2,ANA BRADLEY,"682 Garden Grove Place, Tennessee, Memphis, United States",Active
2,CAROLE BARNETT,"1980 Kamjanets-Podilskyi Street, Illinois, Peoria, United States",Active
1,TONI HOLT,"1936 Cuman Avenue, Virginia, Roanoke, United States",Active
2,BILL GAVIN,"1485 Bratislava Place, Illinois, Rockford, United States",Active
1,JOAN COOPER,"1717 Guadalajara Lane, Missouri, Saint Louis, United States",Active
1,CASSANDRA WALTERS,"920 Kumbakonam Loop, California, Salinas, United States",Active
1,PATRICIA JOHNSON,"1121 Loja Avenue, California, San Bernardino, United States",Active
1,JAMIE RICE,"879 Newcastle Way, Michigan, Sterling Heights, United States",Active
1,KRISTIN JOHNSTON,"226 Brest Manor, California, Sunnyvale, United States",Active
1,CAROLINE BOWMAN,"1309 Weifang Street, Florida, Tallahassee, United States",Active
1,BRANDY GRAVES,"1944 Bamenda Way, Michigan, Warren, United States",Active
2,ALBERTO HENNING,"502 Mandi Bahauddin Parkway, Anzotegui, Barcelona, Venezuela",Active
1,CARMEN OWENS,"1378 Alvorada Avenue, Distrito Federal, Caracas, Venezuela",Active
2,CINDY FISHER,"1079 Tel Aviv-Jaffa Boulevard, Sucre, Cuman, Venezuela",Active
1,CALVIN MARTEL,"138 Caracas Boulevard, Zulia, Maracabo, Venezuela",Active
2,YVONNE WATKINS,"1848 Salala Boulevard, Miranda, Ocumare del Tuy, Venezuela",Active
1,MATHEW BOLIN,"163 Augusta-Richmond County Loop, Carabobo, Valencia, Venezuela",Active
1,KRISTINA CHAMBERS,"544 Tarsus Boulevard, Gurico, Valle de la Pascua, Venezuela",Active
2,NEIL RENNER,"1817 Livorno Way, Khanh Hoa, Cam Ranh, Vietnam",Active
2,BETH FRANKLIN,"1149 A Corua (La Corua) Boulevard, Haiphong, Haiphong, Vietnam",Active
1,PATRICK NEWSOM,"68 Ponce Parkway, Hanoi, Hanoi, Vietnam",Active
1,GREG ROBINS,"1786 Salinas Place, Nam Ha, Nam Dinh, Vietnam",Active
2,MITCHELL WESTMORELAND,"617 Klerksdorp Place, Khanh Hoa, Nha Trang, Vietnam",Active
1,HARVEY GUAJARDO,"600 Purnea (Purnia) Avenue, Nghe An, Vinh, Vietnam",Active
1,NATHAN RUNYON,"264 Bhimavaram Manor, St Thomas, Charlotte Amalie, Virgin Islands, U.S.",InActive
2,ELLA OLIVER,"751 Lima Loop, Aden, Aden, Yemen",Active
1,GORDON ALLARD,"434 Ourense (Orense) Manor, Hodeida, Hodeida, Yemen",Active
2,WILLIAM SATTERFIELD,"687 Alessandria Parkway, Sanaa, Sanaa, Yemen",Active
1,GINA WILLIAMSON,"1001 Miyakonojo Lane, Taizz, Taizz, Yemen",Active
1,MARIA MILLER,"900 Santiago de Compostela Parkway, Central Serbia, Kragujevac, Yugoslavia",Active
1,MAX PITT,"1917 Kumbakonam Parkway, Vojvodina, Novi Sad, Yugoslavia",Active
1,BARRY LOVELACE,"1836 Korla Parkway, Copperbelt, Kitwe, Zambia",Active
